{"cameraMode":{"drawMode":0,"name":"Shaded","section":"Shading Mode"},"sceneLighting":true,"audioPlay":false,"sceneViewState":{"m_AlwaysRefresh":false,"showFog":true,"showSkybox":true,"showFlares":true,"showImageEffects":true,"showParticleSystems":true,"showVisualEffectGraphs":true,"m_FxEnabled":true},"in2DMode":false,"pivot":{"x":0.6807757616043091,"y":5.891773223876953,"z":-48.65276336669922},"rotation":{"x":-0.32429808378219607,"y":0.014753896743059159,"z":-0.005058919545263052,"w":-0.9458324909210205},"size":1.4902613162994385,"orthographic":false}